{
  "AF": "Afganistan",
  "AL": "Albanija",
  "DZ": "Al\u017eir",
  "VI": "Ameri\u010dka Djevi\u010danska ostrva",
  "AS": "Ameri\u010dka Samoa",
  "UM": "Ameri\u010dka Vanjska Ostrva",
  "AD": "Andora",
  "AO": "Angola",
  "AI": "Angvila",
  "AQ": "Antarktika",
  "AG": "Antigva i Barbuda",
  "AR": "Argentina",
  "AM": "Armenija",
  "AW": "Aruba",
  "AU": "Australija",
  "AT": "Austrija",
  "AZ": "Azerbejd\u017ean",
  "BS": "Bahami",
  "BH": "Bahrein",
  "BD": "Banglade\u0161",
  "BB": "Barbados",
  "BE": "Belgija",
  "BZ": "Belize",
  "BJ": "Benin",
  "BM": "Bermuda",
  "BY": "Bjelorusija",
  "BW": "Bocvana",
  "BO": "Bolivija",
  "BA": "Bosna i Hercegovina",
  "CX": "Bo\u017ei\u0107no ostrvo",
  "BR": "Brazil",
  "VG": "Britanska Djevi\u010danska ostrva",
  "IO": "Britanska Teritorija u Indijskom Okeanu",
  "BN": "Brunej",
  "BG": "Bugarska",
  "BF": "Burkina Faso",
  "BI": "Burundi",
  "BT": "Butan",
  "CF": "Centralnoafri\u010dka Republika",
  "ME": "Crna Gora",
  "TD": "\u010cad",
  "CZ": "\u010ce\u0161ka",
  "CL": "\u010cile",
  "DK": "Danska",
  "CD": "Demokratska Republika Kongo",
  "DM": "Dominika",
  "DO": "Dominikanska Republika",
  "DJ": "D\u017eibuti",
  "EG": "Egipat",
  "EC": "Ekvador",
  "GQ": "Ekvatorijalna Gvineja",
  "ER": "Eritreja",
  "EE": "Estonija",
  "SZ": "Esvatini",
  "ET": "Etiopija",
  "FO": "Farska ostrva",
  "FJ": "Fid\u017ei",
  "PH": "Filipini",
  "FI": "Finska",
  "FK": "Folklandska ostrva",
  "FR": "Francuska",
  "GF": "Francuska Gvajana",
  "PF": "Francuska Polinezija",
  "TF": "Francuske Ju\u017ene Teritorije",
  "GA": "Gabon",
  "GM": "Gambija",
  "GH": "Gana",
  "GG": "Gernzi",
  "GI": "Gibraltar",
  "GR": "Gr\u010dka",
  "GD": "Grenada",
  "GL": "Grenland",
  "GE": "Gruzija",
  "GU": "Guam",
  "GP": "Gvadalupe",
  "GY": "Gvajana",
  "GT": "Gvatemala",
  "GN": "Gvineja",
  "GW": "Gvineja-Bisao",
  "HT": "Haiti",
  "HM": "Herd i arhipelag MekDonald",
  "NL": "Holandija",
  "HN": "Honduras",
  "HK": "Hong Kong (SAR Kina)",
  "HR": "Hrvatska",
  "IN": "Indija",
  "ID": "Indonezija",
  "IQ": "Irak",
  "IR": "Iran",
  "IE": "Irska",
  "IS": "Island",
  "TL": "Isto\u010dni Timor",
  "IT": "Italija",
  "IL": "Izrael",
  "JM": "Jamajka",
  "JP": "Japan",
  "YE": "Jemen",
  "JE": "Jersey",
  "JO": "Jordan",
  "GS": "Ju\u017ena D\u017eord\u017eija i Ju\u017ena Sendvi\u010d ostrva",
  "KR": "Ju\u017ena Koreja",
  "SS": "Ju\u017eni Sudan",
  "ZA": "Ju\u017enoafri\u010dka Republika",
  "KY": "Kajmanska ostrva",
  "KH": "Kambod\u017ea",
  "CM": "Kamerun",
  "CA": "Kanada",
  "CV": "Kape Verde",
  "BQ": "Karipska Holandija",
  "QA": "Katar",
  "KZ": "Kazahstan",
  "KE": "Kenija",
  "CN": "Kina",
  "CY": "Kipar",
  "KG": "Kirgistan",
  "KI": "Kiribati",
  "CC": "Kokosova (Keelingova) ostrva",
  "CO": "Kolumbija",
  "KM": "Komori",
  "CG": "Kongo",
  "XK": "Kosovo",
  "CR": "Kostarika",
  "CU": "Kuba",
  "CK": "Kukova ostrva",
  "CW": "Kurasao",
  "KW": "Kuvajt",
  "LA": "Laos",
  "LV": "Latvija",
  "LS": "Lesoto",
  "LB": "Liban",
  "LR": "Liberija",
  "LY": "Libija",
  "LI": "Lihten\u0161tajn",
  "LT": "Litvanija",
  "LU": "Luksemburg",
  "MG": "Madagaskar",
  "HU": "Ma\u0111arska",
  "YT": "Majote",
  "MO": "Makao (SAR Kina)",
  "MW": "Malavi",
  "MV": "Maldivi",
  "MY": "Malezija",
  "ML": "Mali",
  "MT": "Malta",
  "MA": "Maroko",
  "MH": "Mar\u0161alova ostrva",
  "MQ": "Martinik",
  "MU": "Mauricijus",
  "MR": "Mauritanija",
  "MX": "Meksiko",
  "FM": "Mikronezija",
  "MM": "Mjanmar",
  "MD": "Moldavija",
  "MC": "Monako",
  "MN": "Mongolija",
  "MS": "Monserat",
  "MZ": "Mozambik",
  "NA": "Namibija",
  "NR": "Nauru",
  "NP": "Nepal",
  "NE": "Niger",
  "NG": "Nigerija",
  "NI": "Nikaragva",
  "NU": "Niue",
  "NO": "Norve\u0161ka",
  "NC": "Nova Kaledonija",
  "NZ": "Novi Zeland",
  "DE": "Njema\u010dka",
  "CI": "Obala Slonova\u010de",
  "AX": "Olandska ostrva",
  "OM": "Oman",
  "TC": "Ostrva Turks i Kaikos",
  "WF": "Ostrva Valis i Futuna",
  "BV": "Ostrvo Buve",
  "IM": "Ostrvo Man",
  "NF": "Ostrvo Norfolk",
  "PK": "Pakistan",
  "PW": "Palau",
  "PS": "Palestinska Teritorija",
  "PA": "Panama",
  "PG": "Papua Nova Gvineja",
  "PY": "Paragvaj",
  "PE": "Peru",
  "PN": "Pitkernska Ostrva",
  "PL": "Poljska",
  "PR": "Porto Riko",
  "PT": "Portugal",
  "RE": "Reunion",
  "RW": "Ruanda",
  "RO": "Rumunija",
  "RU": "Rusija",
  "SV": "Salvador",
  "WS": "Samoa",
  "SM": "San Marino",
  "ST": "Sao Tome i Principe",
  "SA": "Saudijska Arabija",
  "SC": "Sej\u0161eli",
  "SN": "Senegal",
  "SL": "Sijera Leone",
  "SG": "Singapur",
  "SX": "Sint Marten",
  "SY": "Sirija",
  "US": "Sjedinjene Dr\u017eave",
  "KP": "Sjeverna Koreja",
  "MK": "Sjeverna Makedonija",
  "MP": "Sjeverna Marijanska ostrva",
  "SK": "Slova\u010dka",
  "SI": "Slovenija",
  "SB": "Solomonska Ostrva",
  "SO": "Somalija",
  "RS": "Srbija",
  "SD": "Sudan",
  "SR": "Surinam",
  "SJ": "Svalbard i Jan Majen",
  "SH": "Sveta Helena",
  "LC": "Sveta Lucija",
  "BL": "Sveti Bartolomej",
  "KN": "Sveti Kits i Nevis",
  "MF": "Sveti Martin",
  "PM": "Sveti Petar i Mikelon",
  "VC": "Sveti Vinsent i Grenadin",
  "ES": "\u0160panija",
  "LK": "\u0160ri Lanka",
  "SE": "\u0160vedska",
  "CH": "\u0160vicarska",
  "TJ": "Tad\u017eikistan",
  "TH": "Tajland",
  "TW": "Tajvan",
  "TZ": "Tanzanija",
  "TG": "Togo",
  "TK": "Tokelau",
  "TO": "Tonga",
  "TT": "Trinidad i Tobago",
  "TN": "Tunis",
  "TM": "Turkmenistan",
  "TR": "Turska",
  "TV": "Tuvalu",
  "UG": "Uganda",
  "AE": "Ujedinjeni Arapski Emirati",
  "GB": "Ujedinjeno Kraljevstvo",
  "UA": "Ukrajina",
  "UY": "Urugvaj",
  "UZ": "Uzbekistan",
  "VU": "Vanuatu",
  "VA": "Vatikan",
  "VE": "Venecuela",
  "VN": "Vijetnam",
  "ZM": "Zambija",
  "EH": "Zapadna Sahara",
  "ZW": "Zimbabve"
}
