{
  "AF": "Afghanistan",
  "AL": "Albanien",
  "DZ": "Algeriet",
  "AS": "Amerikansk Samoa",
  "UM": "Amerikanske overs\u00f8iske \u00f8er",
  "AD": "Andorra",
  "AO": "Angola",
  "AI": "Anguilla",
  "AQ": "Antarktis",
  "AG": "Antigua og Barbuda",
  "AR": "Argentina",
  "AM": "Armenien",
  "AW": "Aruba",
  "AZ": "Aserbajdsjan",
  "AU": "Australien",
  "BS": "Bahamas",
  "BH": "Bahrain",
  "BD": "Bangladesh",
  "BB": "Barbados",
  "BE": "Belgien",
  "BZ": "Belize",
  "BJ": "Benin",
  "BM": "Bermuda",
  "BT": "Bhutan",
  "BO": "Bolivia",
  "BA": "Bosnien-Hercegovina",
  "BW": "Botswana",
  "BV": "Bouvet\u00f8en",
  "BR": "Brasilien",
  "BN": "Brunei",
  "BG": "Bulgarien",
  "BF": "Burkina Faso",
  "BI": "Burundi",
  "KH": "Cambodja",
  "CM": "Cameroun",
  "CA": "Canada",
  "KY": "Cayman\u00f8erne",
  "CL": "Chile",
  "CC": "Cocos\u00f8erne",
  "CO": "Colombia",
  "KM": "Comorerne",
  "CG": "Congo-Brazzaville",
  "CD": "Congo-Kinshasa",
  "CK": "Cook\u00f8erne",
  "CR": "Costa Rica",
  "CU": "Cuba",
  "CW": "Cura\u00e7ao",
  "CY": "Cypern",
  "DK": "Danmark",
  "VI": "De Amerikanske Jomfru\u00f8er",
  "VG": "De Britiske Jomfru\u00f8er",
  "AE": "De Forenede Arabiske Emirater",
  "TF": "De Franske Besiddelser i Det Sydlige Indiske Ocean og Antarktis",
  "PS": "De pal\u00e6stinensiske omr\u00e5der",
  "BQ": "De tidligere Nederlandske Antiller",
  "CF": "Den Centralafrikanske Republik",
  "DO": "Den Dominikanske Republik",
  "IO": "Det Britiske Territorium i Det Indiske Ocean",
  "DJ": "Djibouti",
  "DM": "Dominica",
  "EC": "Ecuador",
  "EG": "Egypten",
  "SV": "El Salvador",
  "CI": "Elfenbenskysten",
  "ER": "Eritrea",
  "EE": "Estland",
  "SZ": "Eswatini",
  "ET": "Etiopien",
  "FK": "Falklands\u00f8erne",
  "FJ": "Fiji",
  "PH": "Filippinerne",
  "FI": "Finland",
  "FR": "Frankrig",
  "GF": "Fransk Guyana",
  "PF": "Fransk Polynesien",
  "FO": "F\u00e6r\u00f8erne",
  "GA": "Gabon",
  "GM": "Gambia",
  "GE": "Georgien",
  "GH": "Ghana",
  "GI": "Gibraltar",
  "GD": "Grenada",
  "GR": "Gr\u00e6kenland",
  "GL": "Gr\u00f8nland",
  "GP": "Guadeloupe",
  "GU": "Guam",
  "GT": "Guatemala",
  "GG": "Guernsey",
  "GN": "Guinea",
  "GW": "Guinea-Bissau",
  "GY": "Guyana",
  "HT": "Haiti",
  "HM": "Heard Island og McDonald Islands",
  "NL": "Holland",
  "HN": "Honduras",
  "BY": "Hviderusland",
  "IN": "Indien",
  "ID": "Indonesien",
  "IQ": "Irak",
  "IR": "Iran",
  "IE": "Irland",
  "IS": "Island",
  "IM": "Isle of Man",
  "IL": "Israel",
  "IT": "Italien",
  "JM": "Jamaica",
  "JP": "Japan",
  "JE": "Jersey",
  "JO": "Jordan",
  "CX": "Jule\u00f8en",
  "CV": "Kap Verde",
  "KZ": "Kasakhstan",
  "KE": "Kenya",
  "CN": "Kina",
  "KG": "Kirgisistan",
  "KI": "Kiribati",
  "XK": "Kosovo",
  "HR": "Kroatien",
  "KW": "Kuwait",
  "LA": "Laos",
  "LS": "Lesotho",
  "LV": "Letland",
  "LB": "Libanon",
  "LR": "Liberia",
  "LY": "Libyen",
  "LI": "Liechtenstein",
  "LT": "Litauen",
  "LU": "Luxembourg",
  "MG": "Madagaskar",
  "MW": "Malawi",
  "MY": "Malaysia",
  "MV": "Maldiverne",
  "ML": "Mali",
  "MT": "Malta",
  "MA": "Marokko",
  "MH": "Marshall\u00f8erne",
  "MQ": "Martinique",
  "MR": "Mauretanien",
  "MU": "Mauritius",
  "YT": "Mayotte",
  "MX": "Mexico",
  "FM": "Mikronesien",
  "MD": "Moldova",
  "MC": "Monaco",
  "MN": "Mongoliet",
  "ME": "Montenegro",
  "MS": "Montserrat",
  "MZ": "Mozambique",
  "MM": "Myanmar (Burma)",
  "NA": "Namibia",
  "NR": "Nauru",
  "NP": "Nepal",
  "NZ": "New Zealand",
  "NI": "Nicaragua",
  "NE": "Niger",
  "NG": "Nigeria",
  "NU": "Niue",
  "KP": "Nordkorea",
  "MK": "Nordmakedonien",
  "MP": "Nordmarianerne",
  "NF": "Norfolk Island",
  "NO": "Norge",
  "NC": "Ny Kaledonien",
  "OM": "Oman",
  "PK": "Pakistan",
  "PW": "Palau",
  "PA": "Panama",
  "PG": "Papua Ny Guinea",
  "PY": "Paraguay",
  "PE": "Peru",
  "PN": "Pitcairn",
  "PL": "Polen",
  "PT": "Portugal",
  "PR": "Puerto Rico",
  "QA": "Qatar",
  "RE": "R\u00e9union",
  "RO": "Rum\u00e6nien",
  "RU": "Rusland",
  "RW": "Rwanda",
  "BL": "Saint Barth\u00e9lemy",
  "KN": "Saint Kitts og Nevis",
  "LC": "Saint Lucia",
  "MF": "Saint Martin",
  "PM": "Saint Pierre og Miquelon",
  "VC": "Saint Vincent og Grenadinerne",
  "SB": "Salomon\u00f8erne",
  "WS": "Samoa",
  "SM": "San Marino",
  "ST": "S\u00e3o Tom\u00e9 og Pr\u00edncipe",
  "HK": "SAR Hongkong",
  "MO": "SAR Macao",
  "SA": "Saudi-Arabien",
  "CH": "Schweiz",
  "SN": "Senegal",
  "RS": "Serbien",
  "SC": "Seychellerne",
  "SL": "Sierra Leone",
  "SG": "Singapore",
  "SX": "Sint Maarten",
  "SK": "Slovakiet",
  "SI": "Slovenien",
  "SO": "Somalia",
  "GS": "South Georgia og De Sydlige Sandwich\u00f8er",
  "ES": "Spanien",
  "LK": "Sri Lanka",
  "SH": "St. Helena",
  "GB": "Storbritannien",
  "SD": "Sudan",
  "SR": "Surinam",
  "SJ": "Svalbard og Jan Mayen",
  "SE": "Sverige",
  "ZA": "Sydafrika",
  "KR": "Sydkorea",
  "SS": "Sydsudan",
  "SY": "Syrien",
  "TJ": "Tadsjikistan",
  "TW": "Taiwan",
  "TZ": "Tanzania",
  "TD": "Tchad",
  "TH": "Thailand",
  "TL": "Timor-Leste",
  "CZ": "Tjekkiet",
  "TG": "Togo",
  "TK": "Tokelau",
  "TO": "Tonga",
  "TT": "Trinidad og Tobago",
  "TN": "Tunesien",
  "TM": "Turkmenistan",
  "TC": "Turks- og Caicos\u00f8erne",
  "TV": "Tuvalu",
  "TR": "Tyrkiet",
  "DE": "Tyskland",
  "UG": "Uganda",
  "UA": "Ukraine",
  "HU": "Ungarn",
  "UY": "Uruguay",
  "US": "USA",
  "UZ": "Usbekistan",
  "VU": "Vanuatu",
  "VA": "Vatikanstaten",
  "VE": "Venezuela",
  "EH": "Vestsahara",
  "VN": "Vietnam",
  "WF": "Wallis og Futuna",
  "YE": "Yemen",
  "ZM": "Zambia",
  "ZW": "Zimbabwe",
  "GQ": "\u00c6kvatorialguinea",
  "AT": "\u00d8strig",
  "AX": "\u00c5land"
}
