{
  "AF": "Afganistan",
  "AX": "Ahvenanmaa",
  "NL": "Alankomaat",
  "AL": "Albania",
  "DZ": "Algeria",
  "AS": "Amerikan Samoa",
  "AD": "Andorra",
  "AO": "Angola",
  "AI": "Anguilla",
  "AQ": "Antarktis",
  "AG": "Antigua ja Barbuda",
  "AE": "Arabiemiirikunnat",
  "AR": "Argentiina",
  "AM": "Armenia",
  "AW": "Aruba",
  "AU": "Australia",
  "AZ": "Azerbaid\u017ean",
  "BS": "Bahama",
  "BH": "Bahrain",
  "BD": "Bangladesh",
  "BB": "Barbados",
  "BE": "Belgia",
  "BZ": "Belize",
  "BJ": "Benin",
  "BM": "Bermuda",
  "BT": "Bhutan",
  "BO": "Bolivia",
  "BA": "Bosnia ja Hertsegovina",
  "BW": "Botswana",
  "BV": "Bouvet\u2019nsaari",
  "BR": "Brasilia",
  "IO": "Brittil\u00e4inen Intian valtameren alue",
  "VG": "Brittil\u00e4iset Neitsytsaaret",
  "BN": "Brunei",
  "BG": "Bulgaria",
  "BF": "Burkina Faso",
  "BI": "Burundi",
  "KY": "Caymansaaret",
  "CL": "Chile",
  "CK": "Cookinsaaret",
  "CR": "Costa Rica",
  "CW": "Cura\u00e7ao",
  "DJ": "Djibouti",
  "DM": "Dominica",
  "DO": "Dominikaaninen tasavalta",
  "EC": "Ecuador",
  "EG": "Egypti",
  "SV": "El Salvador",
  "ER": "Eritrea",
  "ES": "Espanja",
  "ZA": "Etel\u00e4-Afrikka",
  "GS": "Etel\u00e4-Georgia ja Etel\u00e4iset Sandwichsaaret",
  "KR": "Etel\u00e4-Korea",
  "SS": "Etel\u00e4-Sudan",
  "ET": "Etiopia",
  "FK": "Falklandinsaaret",
  "FJ": "Fid\u017ei",
  "PH": "Filippiinit",
  "FO": "F\u00e4rsaaret",
  "GA": "Gabon",
  "GM": "Gambia",
  "GE": "Georgia",
  "GH": "Ghana",
  "GI": "Gibraltar",
  "GD": "Grenada",
  "GL": "Gr\u00f6nlanti",
  "GP": "Guadeloupe",
  "GU": "Guam",
  "GT": "Guatemala",
  "GG": "Guernsey",
  "GN": "Guinea",
  "GW": "Guinea-Bissau",
  "GY": "Guyana",
  "HT": "Haiti",
  "HM": "Heard ja McDonaldinsaaret",
  "HN": "Honduras",
  "HK": "Hongkong \u2013 Kiinan e.h.a.",
  "SJ": "Huippuvuoret ja Jan Mayen",
  "ID": "Indonesia",
  "IN": "Intia",
  "IQ": "Irak",
  "IR": "Iran",
  "IE": "Irlanti",
  "IS": "Islanti",
  "GB": "Iso-Britannia",
  "IL": "Israel",
  "IT": "Italia",
  "TL": "It\u00e4-Timor",
  "AT": "It\u00e4valta",
  "JM": "Jamaika",
  "JP": "Japani",
  "YE": "Jemen",
  "JE": "Jersey",
  "JO": "Jordania",
  "CX": "Joulusaari",
  "KH": "Kambod\u017ea",
  "CM": "Kamerun",
  "CA": "Kanada",
  "CV": "Kap Verde",
  "BQ": "Karibian Alankomaat",
  "KZ": "Kazakstan",
  "KE": "Kenia",
  "CF": "Keski-Afrikan tasavalta",
  "CN": "Kiina",
  "KG": "Kirgisia",
  "KI": "Kiribati",
  "CO": "Kolumbia",
  "KM": "Komorit",
  "CD": "Kongon demokraattinen tasavalta",
  "CG": "Kongon tasavalta",
  "CC": "Kookossaaret (Keelingsaaret)",
  "XK": "Kosovo",
  "GR": "Kreikka",
  "HR": "Kroatia",
  "CU": "Kuuba",
  "KW": "Kuwait",
  "CY": "Kypros",
  "LA": "Laos",
  "LV": "Latvia",
  "LS": "Lesotho",
  "LB": "Libanon",
  "LR": "Liberia",
  "LY": "Libya",
  "LI": "Liechtenstein",
  "LT": "Liettua",
  "LU": "Luxemburg",
  "EH": "L\u00e4nsi-Sahara",
  "MO": "Macao \u2013 Kiinan e.h.a.",
  "MG": "Madagaskar",
  "MW": "Malawi",
  "MV": "Malediivit",
  "MY": "Malesia",
  "ML": "Mali",
  "MT": "Malta",
  "IM": "Mansaari",
  "MA": "Marokko",
  "MH": "Marshallinsaaret",
  "MQ": "Martinique",
  "MR": "Mauritania",
  "MU": "Mauritius",
  "YT": "Mayotte",
  "MX": "Meksiko",
  "FM": "Mikronesian liittovaltio",
  "MD": "Moldova",
  "MC": "Monaco",
  "MN": "Mongolia",
  "ME": "Montenegro",
  "MS": "Montserrat",
  "MZ": "Mosambik",
  "MM": "Myanmar (Burma)",
  "NA": "Namibia",
  "NR": "Nauru",
  "NP": "Nepal",
  "NI": "Nicaragua",
  "NE": "Niger",
  "NG": "Nigeria",
  "NU": "Niue",
  "NF": "Norfolkinsaari",
  "NO": "Norja",
  "CI": "Norsunluurannikko",
  "OM": "Oman",
  "PK": "Pakistan",
  "PW": "Palau",
  "PS": "Palestiinalaisalueet",
  "PA": "Panama",
  "PG": "Papua-Uusi-Guinea",
  "PY": "Paraguay",
  "PE": "Peru",
  "PN": "Pitcairn",
  "KP": "Pohjois-Korea",
  "MK": "Pohjois-Makedonia",
  "MP": "Pohjois-Mariaanit",
  "PT": "Portugali",
  "PR": "Puerto Rico",
  "PL": "Puola",
  "GQ": "P\u00e4iv\u00e4ntasaajan Guinea",
  "QA": "Qatar",
  "FR": "Ranska",
  "TF": "Ranskan etel\u00e4iset alueet",
  "GF": "Ranskan Guayana",
  "PF": "Ranskan Polynesia",
  "RE": "R\u00e9union",
  "RO": "Romania",
  "RW": "Ruanda",
  "SE": "Ruotsi",
  "SH": "Saint Helena",
  "KN": "Saint Kitts ja Nevis",
  "LC": "Saint Lucia",
  "VC": "Saint Vincent ja Grenadiinit",
  "BL": "Saint-Barth\u00e9lemy",
  "MF": "Saint-Martin",
  "PM": "Saint-Pierre ja Miquelon",
  "DE": "Saksa",
  "SB": "Salomonsaaret",
  "ZM": "Sambia",
  "WS": "Samoa",
  "SM": "San Marino",
  "ST": "S\u00e3o Tom\u00e9 ja Pr\u00edncipe",
  "SA": "Saudi-Arabia",
  "SN": "Senegal",
  "RS": "Serbia",
  "SC": "Seychellit",
  "SL": "Sierra Leone",
  "SG": "Singapore",
  "SX": "Sint Maarten",
  "SK": "Slovakia",
  "SI": "Slovenia",
  "SO": "Somalia",
  "LK": "Sri Lanka",
  "SD": "Sudan",
  "FI": "Suomi",
  "SR": "Suriname",
  "CH": "Sveitsi",
  "SZ": "Swazimaa",
  "SY": "Syyria",
  "TJ": "Tad\u017eikistan",
  "TW": "Taiwan",
  "TZ": "Tansania",
  "DK": "Tanska",
  "TH": "Thaimaa",
  "TG": "Togo",
  "TK": "Tokelau",
  "TO": "Tonga",
  "TT": "Trinidad ja Tobago",
  "TD": "T\u0161ad",
  "CZ": "T\u0161ekki",
  "TN": "Tunisia",
  "TR": "Turkki",
  "TM": "Turkmenistan",
  "TC": "Turks- ja Caicossaaret",
  "TV": "Tuvalu",
  "UG": "Uganda",
  "UA": "Ukraina",
  "HU": "Unkari",
  "UY": "Uruguay",
  "NC": "Uusi-Kaledonia",
  "NZ": "Uusi-Seelanti",
  "UZ": "Uzbekistan",
  "BY": "Valko-Ven\u00e4j\u00e4",
  "VU": "Vanuatu",
  "VA": "Vatikaani",
  "VE": "Venezuela",
  "RU": "Ven\u00e4j\u00e4",
  "VN": "Vietnam",
  "EE": "Viro",
  "WF": "Wallis ja Futuna",
  "US": "Yhdysvallat",
  "UM": "Yhdysvaltain erillissaaret",
  "VI": "Yhdysvaltain Neitsytsaaret",
  "ZW": "Zimbabwe"
}
