{
  "AF": "Afganistan",
  "AX": "\u00c1land",
  "AL": "Albania",
  "DZ": "Algeria",
  "AS": "Amerikanska Samoa",
  "AD": "Andorra",
  "AO": "Angola",
  "AI": "Anguilla",
  "AQ": "Antarktis",
  "AG": "Antigua & Barbuda",
  "AR": "Argentina",
  "AM": "Armenia",
  "AW": "Aruba",
  "AZ": "Aserbadjan",
  "AU": "Avstralia",
  "BS": "Bahamaoyggjar",
  "BD": "Bangladesj",
  "BB": "Barbados",
  "BH": "Barein",
  "BE": "Belgia",
  "BZ": "Belis",
  "BJ": "Benin",
  "BM": "Bermuda",
  "BO": "Bolivia",
  "BA": "Bosnia-Hersegovina",
  "BW": "Botsvana",
  "BV": "Bouvetoyggj",
  "BR": "Brasil",
  "BN": "Brunei",
  "BG": "Bulgaria",
  "BF": "Burkina Faso",
  "BI": "Burundi",
  "BT": "Butan",
  "KY": "Caymanoyggjar",
  "CK": "Cooksoyggjar",
  "CW": "Cura\u00e7ao",
  "DK": "Danmark",
  "DJ": "Djibuti",
  "DM": "Dominika",
  "DO": "Dominikal\u00fd\u00f0veldi\u00f0",
  "EG": "Egyptaland",
  "EC": "Ekvador",
  "GQ": "Ekvatorguinea",
  "SV": "El Salvador",
  "ER": "Eritrea",
  "EE": "Estland",
  "SZ": "Esvatini",
  "ET": "Etiopia",
  "AT": "Eysturr\u00edki",
  "TL": "Eysturtimor",
  "FK": "Falklandsoyggjar",
  "FJ": "Fiji",
  "CI": "F\u00edlabeinsstrondin",
  "PH": "Filipsoyggjar",
  "FI": "Finnland",
  "FR": "Frakland",
  "GF": "Franska Gujana",
  "PF": "Franska Polynesia",
  "TF": "Fronsku sunnaru landa\u00f8ki",
  "FO": "F\u00f8royar",
  "GA": "Gabon",
  "GM": "Gambia",
  "GH": "Gana",
  "GE": "Georgia",
  "GI": "Gibraltar",
  "GD": "Grenada",
  "GR": "Grikkaland",
  "CV": "Gr\u00f8nh\u00f8vdaoyggjar",
  "GL": "Gr\u00f8nland",
  "GP": "Guadeloupe",
  "GU": "Guam",
  "GT": "Guatemala",
  "GG": "Guernsey",
  "GN": "Guinea",
  "GW": "Guinea-Bissau",
  "GY": "Gujana",
  "HT": "Haiti",
  "HM": "Heard og McDonaldoyggjar",
  "HN": "Honduras",
  "HK": "Hong Kong SAR Kina",
  "BY": "Hv\u00edtarussland",
  "IN": "India",
  "ID": "Indonesia",
  "IQ": "Irak",
  "IR": "Iran",
  "IE": "\u00cdrland",
  "IS": "\u00cdsland",
  "IM": "Isle of Man",
  "IL": "\u00cdsrael",
  "IT": "Italia",
  "JM": "Jamaika",
  "JP": "Japan",
  "YE": "Jemen",
  "JE": "Jersey",
  "CX": "J\u00f3laoyggjin",
  "JO": "Jordan",
  "KH": "Kambodja",
  "CM": "Kamerun",
  "CA": "Kanada",
  "KZ": "Kasakstan",
  "QA": "Katar",
  "CZ": "Kekkia",
  "KE": "Kenja",
  "CL": "Kili",
  "CN": "Kina",
  "KG": "Kirgisia",
  "KI": "Kiribati",
  "TD": "Kjad",
  "CC": "Kokosoyggjar",
  "CO": "Kolombia",
  "KM": "Komoroyggjar",
  "CG": "Kongo",
  "CD": "Kongo, Dem. L\u00fd\u00f0veldi\u00f0",
  "CR": "Kosta Rika",
  "XK": "Kosovo",
  "HR": "Kroatia",
  "CU": "Kuba",
  "KW": "Kuvait",
  "CY": "K\u00fdpros",
  "LA": "Laos",
  "LS": "Lesoto",
  "LV": "Lettland",
  "LB": "Libanon",
  "LR": "Liberia",
  "LY": "Libya",
  "LI": "Liktinstein",
  "LT": "Litava",
  "LU": "Luksemborg",
  "MG": "Madagaskar",
  "MO": "Makao SAR Kina",
  "MY": "Malaisia",
  "MW": "Malavi",
  "MV": "Maldivoyggjar",
  "ML": "Mali",
  "MT": "Malta",
  "MA": "Marokko",
  "MH": "Marshalloyggjar",
  "MQ": "Martinique",
  "YT": "Mayotte",
  "MX": "Meksiko",
  "CF": "Mi\u00f0afrikal\u00fd\u00f0veldi\u00f0",
  "FM": "Mikronesiasamveldi\u00f0",
  "MD": "Moldova",
  "MC": "Monako",
  "MN": "Mongolia",
  "ME": "Montenegro",
  "MS": "Montserrat",
  "MR": "M\u00f3ritania",
  "MU": "M\u00f3ritius",
  "MZ": "Mosambik",
  "MM": "Myanmar (Burma)",
  "NA": "Namibia",
  "NR": "Nauru",
  "NP": "Nepal",
  "NL": "Ni\u00f0urlond",
  "BQ": "Ni\u00f0urlonds Karibia",
  "NE": "Niger",
  "NG": "Nigeria",
  "NI": "Nikaragua",
  "NU": "Niue",
  "MP": "Nor\u00f0aru Mariuoyggjar",
  "KP": "Nor\u00f0urkorea",
  "NO": "Noreg",
  "NF": "Norfolksoyggj",
  "MK": "North Macedonia",
  "NC": "N\u00fdkaled\u00f3nia",
  "NZ": "N\u00fds\u00e6land",
  "OM": "Oman",
  "PK": "Pakistan",
  "PW": "Palau",
  "PS": "Palestinskt land\u00f8ki",
  "PA": "Panama",
  "PG": "Papua N\u00fdguinea",
  "PY": "Paraguai",
  "PE": "Peru",
  "PN": "Pitcairnoyggjar",
  "PL": "P\u00f3lland",
  "PT": "Portugal",
  "PR": "Puerto Riko",
  "RE": "R\u00e9union",
  "RW": "Ruanda",
  "RO": "Rumenia",
  "RU": "Russland",
  "PM": "Saint Pierre & Miquelon",
  "SB": "Salomonoyggjar",
  "US": "Sambandsr\u00edki Amerika",
  "UM": "Sambandsr\u00edki Amerikas fjarskotnu oyggjar",
  "VI": "Sambandsr\u00edki Amerikas Jomfr\u00faoyggjar",
  "ZM": "Sambia",
  "AE": "Sameindu Emirr\u00edkini",
  "WS": "Samoa",
  "SM": "San Marino",
  "ST": "Sao Tome & Prinsipi",
  "SA": "Saudiarabia",
  "SN": "Senegal",
  "RS": "Serbia",
  "SC": "Seyskelloyggjar",
  "SL": "Sierra Leona",
  "ZW": "Simbabvi",
  "SG": "Singapor",
  "SX": "Sint Maarten",
  "SK": "Slovakia",
  "SI": "Slovenia",
  "SO": "Somalia",
  "ES": "Spania",
  "LK": "Sri Lanka",
  "MF": "St-Martin",
  "BL": "St. Barth\u00e9lemy",
  "SH": "St. Helena",
  "KN": "St. Kitts & Nevis",
  "LC": "St. Lusia",
  "VC": "St. Vinsent & Grenadinoyggjar",
  "IO": "St\u00f3ra Bretlands Indiahavoyggjar",
  "VG": "St\u00f3ra Bretlands Jomfr\u00faoyggjar",
  "GB": "St\u00f3rabretland",
  "SD": "Sudan",
  "ZA": "Su\u00f0urafrika",
  "GS": "Su\u00f0urgeorgia og Su\u00f0ursandwichoyggjar",
  "KR": "Su\u00f0urkorea",
  "SS": "Su\u00f0ursudan",
  "SR": "Surinam",
  "SJ": "Svalbard & Jan Mayen",
  "CH": "Sveis",
  "SE": "Sv\u00f8r\u00edki",
  "SY": "S\u00fdria",
  "TJ": "Tadsjikistan",
  "TH": "Tailand",
  "TW": "Taivan",
  "TZ": "Tansania",
  "TG": "Togo",
  "TK": "Tokelau",
  "TO": "Tonga",
  "TT": "Trinidad & Tobago",
  "TN": "Tunesia",
  "TR": "Turkaland",
  "TM": "Turkmenistan",
  "TC": "Turks- og Caicosoyggjar",
  "TV": "Tuvalu",
  "DE": "T\u00fdskland",
  "UG": "Uganda",
  "UA": "Ukraina",
  "HU": "Ungarn",
  "UY": "Uruguai",
  "UZ": "Usbekistan",
  "VU": "Vanuatu",
  "VA": "Vatikanb\u00fdur",
  "VE": "Venesuela",
  "EH": "Vestursahara",
  "VN": "Vjetnam",
  "WF": "Wallis- og Futunaoyggjar"
}
