{
  "AF": "Afganiszt\u00e1n",
  "AX": "\u00c5land-szigetek",
  "AL": "Alb\u00e1nia",
  "DZ": "Alg\u00e9ria",
  "AS": "Amerikai Szamoa",
  "VI": "Amerikai Virgin-szigetek",
  "AD": "Andorra",
  "AO": "Angola",
  "AI": "Anguilla",
  "AQ": "Antarktisz",
  "AG": "Antigua \u00e9s Barbuda",
  "AR": "Argent\u00edna",
  "AW": "Aruba",
  "AU": "Ausztr\u00e1lia",
  "AT": "Ausztria",
  "UM": "Az USA lakatlan k\u00fclbirtokai",
  "AZ": "Azerbajdzs\u00e1n",
  "BS": "Bahama-szigetek",
  "BH": "Bahrein",
  "BD": "Banglades",
  "BB": "Barbados",
  "BY": "Belarusz",
  "BE": "Belgium",
  "BZ": "Belize",
  "BJ": "Benin",
  "BM": "Bermuda",
  "BT": "Bhut\u00e1n",
  "GW": "Bissau-Guinea",
  "BO": "Bol\u00edvia",
  "BA": "Bosznia-Hercegovina",
  "BW": "Botswana",
  "BV": "Bouvet-sziget",
  "BR": "Braz\u00edlia",
  "IO": "Brit Indiai-\u00f3ce\u00e1ni Ter\u00fclet",
  "VG": "Brit Virgin-szigetek",
  "BN": "Brunei",
  "BG": "Bulg\u00e1ria",
  "BF": "Burkina Faso",
  "BI": "Burundi",
  "CL": "Chile",
  "CY": "Ciprus",
  "KM": "Comore-szigetek",
  "CK": "Cook-szigetek",
  "CR": "Costa Rica",
  "CW": "Cura\u00e7ao",
  "TD": "Cs\u00e1d",
  "CZ": "Csehorsz\u00e1g",
  "DK": "D\u00e1nia",
  "ZA": "D\u00e9l-afrikai K\u00f6zt\u00e1rsas\u00e1g",
  "KR": "D\u00e9l-Korea",
  "SS": "D\u00e9l-Szud\u00e1n",
  "GS": "D\u00e9li-Georgia \u00e9s D\u00e9li-Sandwich-szigetek",
  "DM": "Dominika",
  "DO": "Dominikai K\u00f6zt\u00e1rsas\u00e1g",
  "DJ": "Dzsibuti",
  "EC": "Ecuador",
  "GQ": "Egyenl\u00edt\u0151i-Guinea",
  "US": "Egyes\u00fclt \u00c1llamok",
  "AE": "Egyes\u00fclt Arab Em\u00edrs\u00e9gek",
  "GB": "Egyes\u00fclt Kir\u00e1lys\u00e1g",
  "EG": "Egyiptom",
  "CI": "Elef\u00e1ntcsontpart",
  "ER": "Eritrea",
  "KP": "\u00c9szak-Korea",
  "MK": "\u00c9szak-Maced\u00f3nia",
  "MP": "\u00c9szaki Mariana-szigetek",
  "EE": "\u00c9sztorsz\u00e1g",
  "ET": "Eti\u00f3pia",
  "FK": "Falkland-szigetek",
  "FO": "Fer\u00f6er szigetek",
  "FJ": "Fidzsi",
  "FI": "Finnorsz\u00e1g",
  "TF": "Francia D\u00e9li Ter\u00fcletek",
  "GF": "Francia Guyana",
  "PF": "Francia Polin\u00e9zia",
  "FR": "Franciaorsz\u00e1g",
  "PH": "F\u00fcl\u00f6p-szigetek",
  "GA": "Gabon",
  "GM": "Gambia",
  "GH": "Gh\u00e1na",
  "GI": "Gibralt\u00e1r",
  "GR": "G\u00f6r\u00f6gorsz\u00e1g",
  "GD": "Grenada",
  "GL": "Gr\u00f6nland",
  "GE": "Gr\u00fazia",
  "GP": "Guadeloupe",
  "GU": "Guam",
  "GT": "Guatemala",
  "GG": "Guernsey",
  "GN": "Guinea",
  "GY": "Guyana",
  "HT": "Haiti",
  "HM": "Heard-sziget \u00e9s McDonald-szigetek",
  "BQ": "Holland Karib-t\u00e9rs\u00e9g",
  "NL": "Hollandia",
  "HN": "Honduras",
  "HK": "Hongkong KKT",
  "HR": "Horv\u00e1torsz\u00e1g",
  "IN": "India",
  "ID": "Indon\u00e9zia",
  "IQ": "Irak",
  "IR": "Ir\u00e1n",
  "IE": "\u00cdrorsz\u00e1g",
  "IS": "Izland",
  "IL": "Izrael",
  "JM": "Jamaica",
  "JP": "Jap\u00e1n",
  "YE": "Jemen",
  "JE": "Jersey",
  "JO": "Jord\u00e1nia",
  "KY": "Kajm\u00e1n-szigetek",
  "KH": "Kambodzsa",
  "CM": "Kamerun",
  "CA": "Kanada",
  "CX": "Kar\u00e1csony-sziget",
  "QA": "Katar",
  "KZ": "Kazahszt\u00e1n",
  "TL": "Kelet-Timor",
  "KE": "Kenya",
  "CN": "K\u00edna",
  "KG": "Kirgiziszt\u00e1n",
  "KI": "Kiribati",
  "CC": "K\u00f3kusz (Keeling)-szigetek",
  "CO": "Kolumbia",
  "CG": "Kong\u00f3 - Brazzaville",
  "CD": "Kong\u00f3 - Kinshasa",
  "XK": "Kosovo",
  "CF": "K\u00f6z\u00e9p-afrikai K\u00f6zt\u00e1rsas\u00e1g",
  "CU": "Kuba",
  "KW": "Kuvait",
  "LA": "Laosz",
  "PL": "Lengyelorsz\u00e1g",
  "LS": "Lesotho",
  "LV": "Lettorsz\u00e1g",
  "LB": "Libanon",
  "LR": "Lib\u00e9ria",
  "LY": "L\u00edbia",
  "LI": "Liechtenstein",
  "LT": "Litv\u00e1nia",
  "LU": "Luxemburg",
  "MG": "Madagaszk\u00e1r",
  "HU": "Magyarorsz\u00e1g",
  "MO": "Maka\u00f3 KKT",
  "MY": "Malajzia",
  "MW": "Malawi",
  "MV": "Mald\u00edv-szigetek",
  "ML": "Mali",
  "MT": "M\u00e1lta",
  "IM": "Man-sziget",
  "MA": "Marokk\u00f3",
  "MH": "Marshall-szigetek",
  "MQ": "Martinique",
  "MR": "Maurit\u00e1nia",
  "MU": "Mauritius",
  "YT": "Mayotte",
  "MX": "Mexik\u00f3",
  "MM": "Mianmar",
  "FM": "Mikron\u00e9zia",
  "MD": "Moldova",
  "MC": "Monaco",
  "MN": "Mong\u00f3lia",
  "ME": "Montenegr\u00f3",
  "MS": "Montserrat",
  "MZ": "Mozambik",
  "NA": "Nam\u00edbia",
  "NR": "Nauru",
  "DE": "N\u00e9metorsz\u00e1g",
  "NP": "Nep\u00e1l",
  "NI": "Nicaragua",
  "NE": "Niger",
  "NG": "Nig\u00e9ria",
  "NU": "Niue",
  "NF": "Norfolk-sziget",
  "NO": "Norv\u00e9gia",
  "EH": "Nyugat-Szahara",
  "IT": "Olaszorsz\u00e1g",
  "OM": "Om\u00e1n",
  "RU": "Oroszorsz\u00e1g",
  "AM": "\u00d6rm\u00e9nyorsz\u00e1g",
  "PK": "Pakiszt\u00e1n",
  "PW": "Palau",
  "PS": "Palesztin Ter\u00fclet",
  "PA": "Panama",
  "PG": "P\u00e1pua \u00daj-Guinea",
  "PY": "Paraguay",
  "PE": "Peru",
  "PN": "Pitcairn-szigetek",
  "PT": "Portug\u00e1lia",
  "PR": "Puerto Rico",
  "RE": "R\u00e9union",
  "RO": "Rom\u00e1nia",
  "RW": "Ruanda",
  "KN": "Saint Kitts \u00e9s Nevis",
  "LC": "Saint Lucia",
  "MF": "Saint Martin",
  "VC": "Saint Vincent \u00e9s a Grenadine-szigetek",
  "BL": "Saint-Barth\u00e9lemy",
  "PM": "Saint-Pierre \u00e9s Miquelon",
  "SB": "Salamon-szigetek",
  "SV": "Salvador",
  "SM": "San Marino",
  "ST": "S\u00e3o Tom\u00e9 \u00e9s Pr\u00edncipe",
  "SC": "Seychelle-szigetek",
  "SL": "Sierra Leone",
  "SX": "Sint Maarten",
  "ES": "Spanyolorsz\u00e1g",
  "LK": "Sr\u00ed Lanka",
  "SR": "Suriname",
  "CH": "Sv\u00e1jc",
  "SJ": "Svalbard \u00e9s Jan Mayen",
  "SE": "Sv\u00e9dorsz\u00e1g",
  "WS": "Szamoa",
  "SA": "Sza\u00fad-Ar\u00e1bia",
  "SN": "Szeneg\u00e1l",
  "SH": "Szent Ilona",
  "RS": "Szerbia",
  "SG": "Szingap\u00far",
  "SY": "Sz\u00edria",
  "SK": "Szlov\u00e1kia",
  "SI": "Szlov\u00e9nia",
  "SO": "Szom\u00e1lia",
  "SD": "Szud\u00e1n",
  "SZ": "Szv\u00e1zif\u00f6ld",
  "TJ": "T\u00e1dzsikiszt\u00e1n",
  "TW": "Tajvan",
  "TZ": "Tanz\u00e1nia",
  "TH": "Thaif\u00f6ld",
  "TG": "Togo",
  "TK": "Tokelau",
  "TO": "Tonga",
  "TR": "T\u00f6r\u00f6korsz\u00e1g",
  "TT": "Trinidad \u00e9s Tobago",
  "TN": "Tun\u00e9zia",
  "TC": "Turks- \u00e9s Caicos-szigetek",
  "TV": "Tuvalu",
  "TM": "T\u00fcrkmeniszt\u00e1n",
  "UG": "Uganda",
  "NC": "\u00daj-Kaled\u00f3nia",
  "NZ": "\u00daj-Z\u00e9land",
  "UA": "Ukrajna",
  "UY": "Uruguay",
  "UZ": "\u00dczbegiszt\u00e1n",
  "VU": "Vanuatu",
  "VA": "Vatik\u00e1n",
  "VE": "Venezuela",
  "VN": "Vietn\u00e1m",
  "WF": "Wallis \u00e9s Futuna",
  "ZM": "Zambia",
  "ZW": "Zimbabwe",
  "CV": "Z\u00f6ld-foki K\u00f6zt\u00e1rsas\u00e1g"
}
