{
  "AF": "Afghanistan",
  "AL": "Albania",
  "DZ": "Algerie",
  "AS": "Amerikansk Samoa",
  "AD": "Andorra",
  "AO": "Angola",
  "AI": "Anguilla",
  "AQ": "Antarktis",
  "AG": "Antigua og Barbuda",
  "AR": "Argentina",
  "AM": "Armenia",
  "AW": "Aruba",
  "AZ": "Aserbajdsjan",
  "AU": "Australia",
  "BS": "Bahamas",
  "BH": "Bahrain",
  "BD": "Bangladesh",
  "BB": "Barbados",
  "BE": "Belgia",
  "BZ": "Belize",
  "BJ": "Benin",
  "BM": "Bermuda",
  "BT": "Bhutan",
  "BO": "Bolivia",
  "BA": "Bosnia-Hercegovina",
  "BW": "Botswana",
  "BV": "Bouvet\u00f8ya",
  "BR": "Brasil",
  "BN": "Brunei",
  "BG": "Bulgaria",
  "BF": "Burkina Faso",
  "BI": "Burundi",
  "CA": "Canada",
  "KY": "Cayman\u00f8yene",
  "CL": "Chile",
  "CX": "Christmas\u00f8ya",
  "CO": "Colombia",
  "CK": "Cook\u00f8yene",
  "CR": "Costa Rica",
  "CU": "Cuba",
  "CW": "Cura\u00e7ao",
  "DK": "Danmark",
  "VI": "De amerikanske jomfru\u00f8yene",
  "VG": "De britiske jomfru\u00f8yene",
  "AE": "De forente arabiske emirater",
  "TF": "De franske s\u00f8rterritorier",
  "DO": "Den dominikanske republikk",
  "CF": "Den sentralafrikanske republikk",
  "IO": "Det britiske territoriet i Indiahavet",
  "PS": "Det palestinske omr\u00e5det",
  "DJ": "Djibouti",
  "DM": "Dominica",
  "EC": "Ecuador",
  "EG": "Egypt",
  "GQ": "Ekvatorial-Guinea",
  "SV": "El Salvador",
  "CI": "Elfenbenskysten",
  "ER": "Eritrea",
  "EE": "Estland",
  "SZ": "Eswatini",
  "ET": "Etiopia",
  "FK": "Falklands\u00f8yene",
  "FJ": "Fiji",
  "PH": "Filippinene",
  "FI": "Finland",
  "FR": "Frankrike",
  "GF": "Fransk Guyana",
  "PF": "Fransk Polynesia",
  "FO": "F\u00e6r\u00f8yene",
  "GA": "Gabon",
  "GM": "Gambia",
  "GE": "Georgia",
  "GH": "Ghana",
  "GI": "Gibraltar",
  "GD": "Grenada",
  "GL": "Gr\u00f8nland",
  "GP": "Guadeloupe",
  "GU": "Guam",
  "GT": "Guatemala",
  "GG": "Guernsey",
  "GN": "Guinea",
  "GW": "Guinea-Bissau",
  "GY": "Guyana",
  "HT": "Haiti",
  "HM": "Heard- og McDonald\u00f8yene",
  "GR": "Hellas",
  "HN": "Honduras",
  "HK": "Hongkong S.A.R. Kina",
  "BY": "Hviterussland",
  "IN": "India",
  "ID": "Indonesia",
  "IQ": "Irak",
  "IR": "Iran",
  "IE": "Irland",
  "IS": "Island",
  "IL": "Israel",
  "IT": "Italia",
  "JM": "Jamaica",
  "JP": "Japan",
  "YE": "Jemen",
  "JE": "Jersey",
  "JO": "Jordan",
  "KH": "Kambodsja",
  "CM": "Kamerun",
  "CV": "Kapp Verde",
  "BQ": "Karibisk Nederland",
  "KZ": "Kasakhstan",
  "KE": "Kenya",
  "CN": "Kina",
  "KG": "Kirgisistan",
  "KI": "Kiribati",
  "CC": "Kokos\u00f8yene",
  "KM": "Komorene",
  "CG": "Kongo-Brazzaville",
  "CD": "Kongo-Kinshasa",
  "XK": "Kosovo",
  "HR": "Kroatia",
  "KW": "Kuwait",
  "CY": "Kypros",
  "LA": "Laos",
  "LV": "Latvia",
  "LS": "Lesotho",
  "LB": "Libanon",
  "LR": "Liberia",
  "LY": "Libya",
  "LI": "Liechtenstein",
  "LT": "Litauen",
  "LU": "Luxemburg",
  "MO": "Macao S.A.R. Kina",
  "MG": "Madagaskar",
  "MW": "Malawi",
  "MY": "Malaysia",
  "MV": "Maldivene",
  "ML": "Mali",
  "MT": "Malta",
  "IM": "Man",
  "MA": "Marokko",
  "MH": "Marshall\u00f8yene",
  "MQ": "Martinique",
  "MR": "Mauritania",
  "MU": "Mauritius",
  "YT": "Mayotte",
  "MX": "Mexico",
  "FM": "Mikronesiaf\u00f8derasjonen",
  "MD": "Moldova",
  "MC": "Monaco",
  "MN": "Mongolia",
  "ME": "Montenegro",
  "MS": "Montserrat",
  "MZ": "Mosambik",
  "MM": "Myanmar (Burma)",
  "NA": "Namibia",
  "NR": "Nauru",
  "NL": "Nederland",
  "NP": "Nepal",
  "NZ": "New Zealand",
  "NI": "Nicaragua",
  "NE": "Niger",
  "NG": "Nigeria",
  "NU": "Niue",
  "KP": "Nord-Korea",
  "MK": "Nord-Makedonia",
  "MP": "Nord-Marianene",
  "NF": "Norfolk\u00f8ya",
  "NO": "Norge",
  "NC": "Ny-Caledonia",
  "OM": "Oman",
  "PK": "Pakistan",
  "PW": "Palau",
  "PA": "Panama",
  "PG": "Papua Ny-Guinea",
  "PY": "Paraguay",
  "PE": "Peru",
  "PN": "Pitcairn\u00f8yene",
  "PL": "Polen",
  "PT": "Portugal",
  "PR": "Puerto Rico",
  "QA": "Qatar",
  "RE": "R\u00e9union",
  "RO": "Romania",
  "RU": "Russland",
  "RW": "Rwanda",
  "KN": "Saint Kitts og Nevis",
  "BL": "Saint-Barth\u00e9lemy",
  "MF": "Saint-Martin",
  "PM": "Saint-Pierre-et-Miquelon",
  "SB": "Salomon\u00f8yene",
  "WS": "Samoa",
  "SM": "San Marino",
  "ST": "S\u00e3o Tom\u00e9 og Pr\u00edncipe",
  "SA": "Saudi-Arabia",
  "SN": "Senegal",
  "RS": "Serbia",
  "SC": "Seychellene",
  "SL": "Sierra Leone",
  "SG": "Singapore",
  "SX": "Sint Maarten",
  "SK": "Slovakia",
  "SI": "Slovenia",
  "SO": "Somalia",
  "ES": "Spania",
  "LK": "Sri Lanka",
  "SH": "St. Helena",
  "LC": "St. Lucia",
  "VC": "St. Vincent og Grenadinene",
  "GB": "Storbritannia",
  "SD": "Sudan",
  "SR": "Surinam",
  "SJ": "Svalbard og Jan Mayen",
  "CH": "Sveits",
  "SE": "Sverige",
  "SY": "Syria",
  "ZA": "S\u00f8r-Afrika",
  "GS": "S\u00f8r-Georgia og S\u00f8r-Sandwich\u00f8yene",
  "KR": "S\u00f8r-Korea",
  "SS": "S\u00f8r-Sudan",
  "TJ": "Tadsjikistan",
  "TW": "Taiwan",
  "TZ": "Tanzania",
  "TH": "Thailand",
  "TG": "Togo",
  "TK": "Tokelau",
  "TO": "Tonga",
  "TT": "Trinidad og Tobago",
  "TD": "Tsjad",
  "CZ": "Tsjekkia",
  "TN": "Tunisia",
  "TM": "Turkmenistan",
  "TC": "Turks- og Caicos\u00f8yene",
  "TV": "Tuvalu",
  "TR": "Tyrkia",
  "DE": "Tyskland",
  "UG": "Uganda",
  "UA": "Ukraina",
  "HU": "Ungarn",
  "UY": "Uruguay",
  "US": "USA",
  "UM": "USAs ytre \u00f8yer",
  "UZ": "Usbekistan",
  "VU": "Vanuatu",
  "VA": "Vatikanstaten",
  "VE": "Venezuela",
  "EH": "Vest-Sahara",
  "VN": "Vietnam",
  "WF": "Wallis og Futuna",
  "ZM": "Zambia",
  "ZW": "Zimbabwe",
  "TL": "\u00d8st-Timor",
  "AT": "\u00d8sterrike",
  "AX": "\u00c5land"
}
