{
  "AI": "\u0b85\u0b99\u0bcd\u0b95\u0bbf\u0baf\u0bc1\u0bb2\u0bbe",
  "AO": "\u0b85\u0b99\u0bcd\u0b95\u0bcb\u0bb2\u0bbe",
  "AZ": "\u0b85\u0b9a\u0bb0\u0bcd\u0baa\u0bc8\u0b9c\u0bbe\u0ba9\u0bcd",
  "AQ": "\u0b85\u0ba3\u0bcd\u0b9f\u0bbe\u0bb0\u0bcd\u0b9f\u0bbf\u0b95\u0bbe",
  "AS": "\u0b85\u0bae\u0bc6\u0bb0\u0bbf\u0b95\u0bcd\u0b95 \u0b9a\u0bae\u0bcb\u0bb5\u0bbe",
  "US": "\u0b85\u0bae\u0bc6\u0bb0\u0bbf\u0b95\u0bcd\u0b95\u0bbe",
  "IE": "\u0b85\u0baf\u0bb0\u0bcd\u0bb2\u0bbe\u0ba8\u0bcd\u0ba4\u0bc1",
  "AM": "\u0b85\u0bb0\u0bcd\u0bae\u0bc7\u0ba9\u0bbf\u0baf\u0bbe",
  "AR": "\u0b85\u0bb0\u0bcd\u0b9c\u0bc6\u0ba9\u0bcd\u0b9f\u0bbf\u0ba9\u0bbe",
  "AW": "\u0b85\u0bb0\u0bc2\u0baa\u0bbe",
  "AL": "\u0b85\u0bb2\u0bcd\u0baa\u0bc7\u0ba9\u0bbf\u0baf\u0bbe",
  "DZ": "\u0b85\u0bb2\u0bcd\u0b9c\u0bc0\u0bb0\u0bbf\u0baf\u0bbe",
  "AD": "\u0b85\u0ba9\u0bcd\u0b9f\u0bcb\u0bb0\u0bbe",
  "AF": "\u0b86\u0b83\u0baa\u0bcd\u0b95\u0bbe\u0ba9\u0bbf\u0bb8\u0bcd\u0ba4\u0bbe\u0ba9\u0bcd",
  "AG": "\u0b86\u0ba3\u0bcd\u0b9f\u0bbf\u0b95\u0bc1\u0bb5\u0bbe \u0bae\u0bb1\u0bcd\u0bb1\u0bc1\u0bae\u0bcd \u0baa\u0bbe\u0bb0\u0bcd\u0baa\u0bc1\u0b9f\u0bbe",
  "AX": "\u0b86\u0bb2\u0ba8\u0bcd\u0ba4\u0bc1 \u0ba4\u0bc0\u0bb5\u0bc1\u0b95\u0bb3\u0bcd",
  "AT": "\u0b86\u0bb8\u0bcd\u0ba4\u0bbf\u0bb0\u0bbf\u0baf\u0bbe",
  "AU": "\u0b86\u0bb8\u0bcd\u0ba4\u0bbf\u0bb0\u0bc7\u0bb2\u0bbf\u0baf\u0bbe",
  "IT": "\u0b87\u0ba4\u0bcd\u0ba4\u0bbe\u0bb2\u0bbf",
  "IN": "\u0b87\u0ba8\u0bcd\u0ba4\u0bbf\u0baf\u0bbe",
  "ID": "\u0b87\u0ba8\u0bcd\u0ba4\u0bcb\u0ba9\u0bc7\u0b9a\u0bbf\u0baf\u0bbe",
  "LK": "\u0b87\u0bb2\u0b99\u0bcd\u0b95\u0bc8",
  "IL": "\u0b87\u0bb8\u0bcd\u0bb0\u0bc7\u0bb2\u0bcd",
  "EC": "\u0b88\u0b95\u0bcd\u0bb5\u0b9f\u0bbe\u0bb0\u0bcd",
  "GQ": "\u0b88\u0b95\u0bcd\u0bb5\u0b9f\u0bcb\u0bb0\u0bbf\u0baf\u0bb2\u0bcd \u0b95\u0bbf\u0ba9\u0bbf\u0baf\u0bbe",
  "IQ": "\u0b88\u0bb0\u0bbe\u0b95\u0bcd",
  "IR": "\u0b88\u0bb0\u0bbe\u0ba9\u0bcd",
  "UA": "\u0b89\u0b95\u0bcd\u0bb0\u0bc8\u0ba9\u0bcd",
  "UG": "\u0b89\u0b95\u0bbe\u0ba3\u0bcd\u0b9f\u0bbe",
  "UY": "\u0b89\u0bb0\u0bc1\u0b95\u0bc1\u0bb5\u0bc7",
  "UZ": "\u0b89\u0bb8\u0bcd\u0baa\u0bc6\u0b95\u0bbf\u0bb8\u0bcd\u0ba4\u0bbe\u0ba9\u0bcd",
  "EG": "\u0b8e\u0b95\u0bbf\u0baa\u0bcd\u0ba4\u0bc1",
  "ET": "\u0b8e\u0ba4\u0bcd\u0ba4\u0bbf\u0baf\u0bcb\u0baa\u0bcd\u0baa\u0bbf\u0baf\u0bbe",
  "ER": "\u0b8e\u0bb0\u0bbf\u0b9f\u0bcd\u0bb0\u0bbf\u0baf\u0bbe",
  "SV": "\u0b8e\u0bb2\u0bcd \u0b9a\u0bbe\u0bb2\u0bcd\u0bb5\u0b9f\u0bbe\u0bb0\u0bcd",
  "EE": "\u0b8e\u0bb8\u0bcd\u0b9f\u0bcb\u0ba9\u0bbf\u0baf\u0bbe",
  "SZ": "\u0b8e\u0bb8\u0bcd\u0bb5\u0bbe\u0b9f\u0bcd\u0b9f\u0bc0\u0ba9\u0bbf",
  "YE": "\u0b8f\u0bae\u0ba9\u0bcd",
  "AE": "\u0b90\u0b95\u0bcd\u0b95\u0bbf\u0baf \u0b85\u0bb0\u0baa\u0bc1 \u0b8e\u0bae\u0bbf\u0bb0\u0bc7\u0b9f\u0bcd\u0bb8\u0bcd",
  "IM": "\u0b90\u0bb2\u0bcd \u0b86\u0b83\u0baa\u0bcd \u0bae\u0bc7\u0ba9\u0bcd",
  "IS": "\u0b90\u0bb8\u0bcd\u0bb2\u0bbe\u0ba8\u0bcd\u0ba4\u0bc1",
  "OM": "\u0b93\u0bae\u0ba9\u0bcd",
  "FK": "\u0b83\u0baa\u0bbe\u0b95\u0bcd\u0bb2\u0bbe\u0ba8\u0bcd\u0ba4\u0bc1 \u0ba4\u0bc0\u0bb5\u0bc1\u0b95\u0bb3\u0bcd",
  "FO": "\u0b83\u0baa\u0bbe\u0bb0\u0bcb \u0ba4\u0bc0\u0bb5\u0bc1\u0b95\u0bb3\u0bcd",
  "FJ": "\u0b83\u0baa\u0bbf\u0b9c\u0bbf",
  "GP": "\u0b95\u0bcd\u0bb5\u0bbe\u0ba4\u0bc7\u0bb2\u0bcb\u0baa\u0bcd",
  "QA": "\u0b95\u0ba4\u0bcd\u0ba4\u0bbe\u0bb0\u0bcd",
  "KH": "\u0b95\u0bae\u0bcd\u0baa\u0bcb\u0b9f\u0bbf\u0baf\u0bbe",
  "GY": "\u0b95\u0baf\u0bbe\u0ba9\u0bbe",
  "BQ": "\u0b95\u0bb0\u0bc0\u0baa\u0bbf\u0baf\u0ba9\u0bcd \u0ba8\u0bc6\u0ba4\u0bb0\u0bcd\u0bb2\u0bbe\u0ba8\u0bcd\u0ba4\u0bc1",
  "GT": "\u0b95\u0bb5\u0bc1\u0ba4\u0bae\u0bbe\u0bb2\u0bbe",
  "CA": "\u0b95\u0ba9\u0b9f\u0bbe",
  "KZ": "\u0b95\u0bb8\u0b95\u0bb8\u0bcd\u0ba4\u0bbe\u0ba9\u0bcd",
  "CD": "\u0b95\u0bbe\u0b99\u0bcd\u0b95\u0bcb - \u0b95\u0bbf\u0ba9\u0bcd\u0bb7\u0bbe\u0b9a\u0bbe",
  "CG": "\u0b95\u0bbe\u0b99\u0bcd\u0b95\u0bcb - \u0baa\u0bcd\u0bb0\u0bbe\u0bb8\u0bbe\u0bb5\u0bbf\u0bb2\u0bcd\u0bb2\u0bc7",
  "GM": "\u0b95\u0bbe\u0bae\u0bcd\u0baa\u0bbf\u0baf\u0bbe",
  "GH": "\u0b95\u0bbe\u0ba9\u0bbe",
  "CU": "\u0b95\u0bbf\u0baf\u0bc2\u0baa\u0bbe",
  "KG": "\u0b95\u0bbf\u0bb0\u0bcd\u0b95\u0bbf\u0bb8\u0bcd\u0ba4\u0bbe\u0ba9\u0bcd",
  "GD": "\u0b95\u0bbf\u0bb0\u0ba9\u0bc6\u0b9f\u0bbe",
  "KI": "\u0b95\u0bbf\u0bb0\u0bbf\u0baa\u0bbe\u0b9f\u0bcd\u0b9f\u0bbf",
  "GL": "\u0b95\u0bbf\u0bb0\u0bc0\u0ba9\u0bcd\u0bb2\u0bbe\u0ba8\u0bcd\u0ba4\u0bc1",
  "GR": "\u0b95\u0bbf\u0bb0\u0bc0\u0bb8\u0bcd",
  "CX": "\u0b95\u0bbf\u0bb1\u0bbf\u0bb8\u0bcd\u0ba4\u0bc1\u0bae\u0bb8\u0bcd \u0ba4\u0bc0\u0bb5\u0bc1",
  "GN": "\u0b95\u0bbf\u0ba9\u0bbf\u0baf\u0bbe",
  "GW": "\u0b95\u0bbf\u0ba9\u0bbf\u0baf\u0bbe-\u0baa\u0bbf\u0bb8\u0bcd\u0bb8\u0bbe\u0bb5\u0bcd",
  "CK": "\u0b95\u0bc1\u0b95\u0bcd \u0ba4\u0bc0\u0bb5\u0bc1\u0b95\u0bb3\u0bcd",
  "CW": "\u0b95\u0bc1\u0bb0\u0bbe\u0b95\u0bb5\u0bcd",
  "HR": "\u0b95\u0bc1\u0bb0\u0bcb\u0bb7\u0bbf\u0baf\u0bbe",
  "GU": "\u0b95\u0bc1\u0bb5\u0bbe\u0bae\u0bcd",
  "KW": "\u0b95\u0bc1\u0bb5\u0bc8\u0ba4\u0bcd",
  "KY": "\u0b95\u0bc6\u0baf\u0bcd\u0bae\u0bc6\u0ba9\u0bcd \u0ba4\u0bc0\u0bb5\u0bc1\u0b95\u0bb3\u0bcd",
  "GG": "\u0b95\u0bc6\u0bb0\u0bcd\u0ba9\u0bcd\u0b9a\u0bbf",
  "KE": "\u0b95\u0bc6\u0ba9\u0bcd\u0baf\u0bbe",
  "CV": "\u0b95\u0bc7\u0baa\u0bcd \u0bb5\u0bc6\u0bb0\u0bcd\u0b9f\u0bc7",
  "GA": "\u0b95\u0bc7\u0baa\u0bbe\u0ba9\u0bcd",
  "CM": "\u0b95\u0bc7\u0bae\u0bb0\u0bc2\u0ba9\u0bcd",
  "CO": "\u0b95\u0bca\u0bb2\u0bae\u0bcd\u0baa\u0bbf\u0baf\u0bbe",
  "CC": "\u0b95\u0bcb\u0b95\u0bcb\u0bb8\u0bcd (\u0b95\u0bc0\u0bb2\u0bbf\u0b99\u0bcd) \u0ba4\u0bc0\u0bb5\u0bc1\u0b95\u0bb3\u0bcd",
  "CI": "\u0b95\u0bcb\u0b9f\u0bcd \u0ba4\u0bbf\u2019\u0bb5\u0bbe\u0baf\u0bb0\u0bcd",
  "KM": "\u0b95\u0bcb\u0bae\u0bb0\u0bcb\u0bb8\u0bcd",
  "CR": "\u0b95\u0bcb\u0bb8\u0bcd\u0b9f\u0bbe\u0bb0\u0bbf\u0b95\u0bbe",
  "XK": "\u0b95\u0bcb\u0b9a\u0bcb\u0bb5\u0bcb",
  "WS": "\u0b9a\u0bae\u0bcb\u0bb5\u0bbe",
  "SA": "\u0b9a\u0bb5\u0bc2\u0ba4\u0bbf \u0b85\u0bb0\u0bc7\u0baa\u0bbf\u0baf\u0bbe",
  "TD": "\u0b9a\u0bbe\u0b9f\u0bcd",
  "SB": "\u0b9a\u0bbe\u0bb2\u0bae\u0ba9\u0bcd \u0ba4\u0bc0\u0bb5\u0bc1\u0b95\u0bb3\u0bcd",
  "ST": "\u0b9a\u0bbe\u0bb5\u0bcd \u0ba4\u0bcb\u0bae\u0bcd & \u0baa\u0bcd\u0bb0\u0bbf\u0ba9\u0bcd\u0b9a\u0bbf\u0baa\u0bbf",
  "SM": "\u0b9a\u0bbe\u0ba9\u0bcd \u0bae\u0bb0\u0bbf\u0ba9\u0bcb",
  "SG": "\u0b9a\u0bbf\u0b99\u0bcd\u0b95\u0baa\u0bcd\u0baa\u0bc2\u0bb0\u0bcd",
  "SL": "\u0b9a\u0bbf\u0baf\u0bbe\u0bb0\u0bbe \u0bb2\u0bbf\u0baf\u0bcb\u0ba9\u0bcd",
  "SY": "\u0b9a\u0bbf\u0bb0\u0bbf\u0baf\u0bbe",
  "CL": "\u0b9a\u0bbf\u0bb2\u0bbf",
  "SX": "\u0b9a\u0bbf\u0ba9\u0bcd\u0b9f\u0bcd \u0bae\u0bbe\u0bb0\u0bcd\u0b9f\u0bc6\u0ba9\u0bcd",
  "CN": "\u0b9a\u0bc0\u0ba9\u0bbe",
  "SC": "\u0b9a\u0bc0\u0bb7\u0bc6\u0bb2\u0bcd\u0bb8\u0bcd",
  "SR": "\u0b9a\u0bc1\u0bb0\u0bbf\u0ba9\u0bbe\u0bae\u0bcd",
  "SD": "\u0b9a\u0bc2\u0b9f\u0bbe\u0ba9\u0bcd",
  "CZ": "\u0b9a\u0bc6\u0b9a\u0bbf\u0baf\u0bbe",
  "KN": "\u0b9a\u0bc6\u0baf\u0bbf\u0ba9\u0bcd\u0b9f\u0bcd \u0b95\u0bbf\u0b9f\u0bcd\u0bb8\u0bcd & \u0ba8\u0bc6\u0bb5\u0bbf\u0bb8\u0bcd",
  "BL": "\u0b9a\u0bc6\u0baf\u0bbf\u0ba9\u0bcd\u0b9f\u0bcd \u0baa\u0bbe\u0bb0\u0bcd\u0ba4\u0bc7\u0bb2\u0bc6\u0bae\u0bbf",
  "PM": "\u0b9a\u0bc6\u0baf\u0bbf\u0ba9\u0bcd\u0b9f\u0bcd \u0baa\u0bbf\u0baf\u0bb0\u0bcd & \u0bae\u0bbf\u0b95\u0bcd\u0bb5\u0bc7\u0bb2\u0bbe\u0ba9\u0bcd",
  "MF": "\u0b9a\u0bc6\u0baf\u0bbf\u0ba9\u0bcd\u0b9f\u0bcd \u0bae\u0bbe\u0bb0\u0bcd\u0b9f\u0bcd\u0b9f\u0bc0\u0ba9\u0bcd",
  "LC": "\u0b9a\u0bc6\u0baf\u0bbf\u0ba9\u0bcd\u0b9f\u0bcd \u0bb2\u0bc2\u0b9a\u0bbf\u0baf\u0bbe",
  "VC": "\u0b9a\u0bc6\u0baf\u0bbf\u0ba9\u0bcd\u0b9f\u0bcd \u0bb5\u0bbf\u0ba9\u0bcd\u0b9a\u0bc6\u0ba9\u0bcd\u0b9f\u0bcd & \u0b95\u0bbf\u0bb0\u0bc6\u0ba9\u0b9f\u0bc8\u0ba9\u0bcd\u0bb8\u0bcd",
  "SH": "\u0b9a\u0bc6\u0baf\u0bbf\u0ba9\u0bcd\u0b9f\u0bcd \u0bb9\u0bc6\u0bb2\u0bc6\u0ba9\u0bbe",
  "RS": "\u0b9a\u0bc6\u0bb0\u0bcd\u0baa\u0bbf\u0baf\u0bbe",
  "SN": "\u0b9a\u0bc6\u0ba9\u0bc6\u0b95\u0bb2\u0bcd",
  "CY": "\u0b9a\u0bc8\u0baa\u0bcd\u0bb0\u0bb8\u0bcd",
  "SO": "\u0b9a\u0bcb\u0bae\u0bbe\u0bb2\u0bbf\u0baf\u0bbe",
  "TC": "\u0b9f\u0bb0\u0bcd\u0b95\u0bcd\u0bb8\u0bcd & \u0b95\u0bc8\u0b95\u0bcb\u0bb8\u0bcd \u0ba4\u0bc0\u0bb5\u0bc1\u0b95\u0bb3\u0bcd",
  "TT": "\u0b9f\u0bbf\u0bb0\u0bbf\u0ba9\u0bbf\u0b9f\u0bbe\u0b9f\u0bcd & \u0b9f\u0bca\u0baa\u0bbe\u0b95\u0bcb",
  "TN": "\u0b9f\u0bc1\u0ba9\u0bbf\u0b9a\u0bbf\u0baf\u0bbe",
  "DK": "\u0b9f\u0bc6\u0ba9\u0bcd\u0bae\u0bbe\u0bb0\u0bcd\u0b95\u0bcd",
  "DO": "\u0b9f\u0bca\u0bae\u0bbf\u0ba9\u0bbf\u0b95\u0ba9\u0bcd \u0b95\u0bc1\u0b9f\u0bbf\u0baf\u0bb0\u0b9a\u0bc1",
  "DM": "\u0b9f\u0bca\u0bae\u0bbf\u0ba9\u0bbf\u0b95\u0bbe",
  "TK": "\u0b9f\u0bcb\u0b95\u0bc7\u0bb2\u0bcb",
  "TG": "\u0b9f\u0bcb\u0b95\u0bcb",
  "TO": "\u0b9f\u0bcb\u0b99\u0bcd\u0b95\u0bbe",
  "TJ": "\u0ba4\u0b9c\u0bbf\u0b95\u0bbf\u0bb8\u0bcd\u0ba4\u0bbe\u0ba9\u0bcd",
  "TH": "\u0ba4\u0bbe\u0baf\u0bcd\u0bb2\u0bbe\u0ba8\u0bcd\u0ba4\u0bc1",
  "TZ": "\u0ba4\u0bbe\u0ba9\u0bcd\u0b9a\u0bbe\u0ba9\u0bbf\u0baf\u0bbe",
  "TL": "\u0ba4\u0bbf\u0bae\u0bcb\u0bb0\u0bcd-\u0bb2\u0bc6\u0bb8\u0bcd\u0ba4\u0bc7",
  "TM": "\u0ba4\u0bc1\u0bb0\u0bcd\u0b95\u0bcd\u0bae\u0bc6\u0ba9\u0bbf\u0bb8\u0bcd\u0ba4\u0bbe\u0ba9\u0bcd",
  "TR": "\u0ba4\u0bc1\u0bb0\u0bc1\u0b95\u0bcd\u0b95\u0bbf",
  "TV": "\u0ba4\u0bc1\u0bb5\u0bbe\u0bb2\u0bc1",
  "SS": "\u0ba4\u0bc6\u0bb1\u0bcd\u0b95\u0bc1 \u0b9a\u0bc2\u0b9f\u0bbe\u0ba9\u0bcd",
  "GS": "\u0ba4\u0bc6\u0bb1\u0bcd\u0b95\u0bc1 \u0b9c\u0bbe\u0bb0\u0bcd\u0b9c\u0bbf\u0baf\u0bbe \u0bae\u0bb1\u0bcd\u0bb1\u0bc1\u0bae\u0bcd \u0ba4\u0bc6\u0bb1\u0bcd\u0b95\u0bc1 \u0b9a\u0bbe\u0ba3\u0bcd\u0b9f\u0bcd\u0bb5\u0bbf\u0b9a\u0bcd \u0ba4\u0bc0\u0bb5\u0bc1\u0b95\u0bb3\u0bcd",
  "ZA": "\u0ba4\u0bc6\u0ba9\u0bcd \u0b86\u0baa\u0bcd\u0baa\u0bbf\u0bb0\u0bbf\u0b95\u0bcd\u0b95\u0bbe",
  "KR": "\u0ba4\u0bc6\u0ba9\u0bcd \u0b95\u0bca\u0bb0\u0bbf\u0baf\u0bbe",
  "TW": "\u0ba4\u0bc8\u0bb5\u0bbe\u0ba9\u0bcd",
  "NA": "\u0ba8\u0bae\u0bc0\u0baa\u0bbf\u0baf\u0bbe",
  "NF": "\u0ba8\u0bbe\u0bb0\u0bcd\u0b83\u0baa\u0bcb\u0b95\u0bcd \u0ba4\u0bc0\u0bb5\u0bc1",
  "NO": "\u0ba8\u0bbe\u0bb0\u0bcd\u0bb5\u0bc7",
  "NI": "\u0ba8\u0bbf\u0b95\u0bb0\u0b95\u0bc1\u0bb5\u0bbe",
  "NU": "\u0ba8\u0bbf\u0baf\u0bc1\u0bb5\u0bc7",
  "NC": "\u0ba8\u0bbf\u0baf\u0bc2 \u0b95\u0bc7\u0bb2\u0bbf\u0b9f\u0bcb\u0ba9\u0bbf\u0baf\u0bbe",
  "NZ": "\u0ba8\u0bbf\u0baf\u0bc2\u0b9a\u0bbf\u0bb2\u0bbe\u0ba8\u0bcd\u0ba4\u0bc1",
  "NL": "\u0ba8\u0bc6\u0ba4\u0bb0\u0bcd\u0bb2\u0bbe\u0ba8\u0bcd\u0ba4\u0bc1",
  "NP": "\u0ba8\u0bc7\u0baa\u0bbe\u0bb3\u0bae\u0bcd",
  "NE": "\u0ba8\u0bc8\u0b9c\u0bb0\u0bcd",
  "NG": "\u0ba8\u0bc8\u0b9c\u0bc0\u0bb0\u0bbf\u0baf\u0bbe",
  "NR": "\u0ba8\u0bcc\u0bb0\u0bc1",
  "BD": "\u0baa\u0b99\u0bcd\u0b95\u0bb3\u0bbe\u0ba4\u0bc7\u0bb7\u0bcd",
  "PG": "\u0baa\u0baa\u0bcd\u0baa\u0bc1\u0bb5\u0bbe \u0ba8\u0bbf\u0baf\u0bc2 \u0b95\u0bbf\u0ba9\u0bbf\u0baf\u0bbe",
  "PY": "\u0baa\u0bb0\u0bbe\u0b95\u0bc1\u0bb5\u0bc7",
  "BG": "\u0baa\u0bb2\u0bcd\u0b95\u0bc7\u0bb0\u0bbf\u0baf\u0bbe",
  "PA": "\u0baa\u0ba9\u0bbe\u0bae\u0bbe",
  "BH": "\u0baa\u0bb9\u0bcd\u0bb0\u0bc8\u0ba9\u0bcd",
  "BS": "\u0baa\u0bb9\u0bbe\u0bae\u0bbe\u0bb8\u0bcd",
  "PK": "\u0baa\u0bbe\u0b95\u0bbf\u0bb8\u0bcd\u0ba4\u0bbe\u0ba9\u0bcd",
  "BB": "\u0baa\u0bbe\u0bb0\u0bcd\u0baa\u0b9f\u0bbe\u0bb8\u0bcd",
  "PS": "\u0baa\u0bbe\u0bb2\u0bb8\u0bcd\u0ba4\u0bc0\u0ba9\u0bbf\u0baf \u0baa\u0bbf\u0bb0\u0ba4\u0bc7\u0b9a\u0b99\u0bcd\u0b95\u0bb3\u0bcd",
  "PW": "\u0baa\u0bbe\u0bb2\u0bcb",
  "PN": "\u0baa\u0bbf\u0b9f\u0bcd\u0b95\u0bc6\u0baf\u0bcd\u0bb0\u0bcd\u0ba9\u0bcd \u0ba4\u0bc0\u0bb5\u0bc1\u0b95\u0bb3\u0bcd",
  "PR": "\u0baa\u0bbf\u0baf\u0bc2\u0bb0\u0bcd\u0b9f\u0bcb \u0bb0\u0bbf\u0b95\u0bcb",
  "FR": "\u0baa\u0bbf\u0bb0\u0bbe\u0ba9\u0bcd\u0bb8\u0bcd",
  "IO": "\u0baa\u0bbf\u0bb0\u0bbf\u0b9f\u0bcd\u0b9f\u0bbf\u0bb7\u0bcd \u0b87\u0ba8\u0bcd\u0ba4\u0bbf\u0baf\u0baa\u0bcd \u0baa\u0bc6\u0bb0\u0bc1\u0b99\u0bcd\u0b95\u0b9f\u0bb2\u0bcd \u0baa\u0bbf\u0bb0\u0ba4\u0bc7\u0b9a\u0bae\u0bcd",
  "VG": "\u0baa\u0bbf\u0bb0\u0bbf\u0b9f\u0bcd\u0b9f\u0bc0\u0bb7\u0bcd \u0b95\u0ba9\u0bcd\u0ba9\u0bbf\u0ba4\u0bcd \u0ba4\u0bc0\u0bb5\u0bc1\u0b95\u0bb3\u0bcd",
  "GF": "\u0baa\u0bbf\u0bb0\u0bc6\u0b9e\u0bcd\u0b9a\u0bc1 \u0b95\u0baf\u0bbe\u0ba9\u0bbe",
  "TF": "\u0baa\u0bbf\u0bb0\u0bc6\u0b9e\u0bcd\u0b9a\u0bc1 \u0ba4\u0bc6\u0bb1\u0bcd\u0b95\u0bc1 \u0baa\u0bbf\u0bb0\u0ba4\u0bc7\u0b9a\u0b99\u0bcd\u0b95\u0bb3\u0bcd",
  "PF": "\u0baa\u0bbf\u0bb0\u0bc6\u0b9e\u0bcd\u0b9a\u0bc1 \u0baa\u0bbe\u0bb2\u0bbf\u0ba9\u0bc7\u0bb7\u0bbf\u0baf\u0bbe",
  "BR": "\u0baa\u0bbf\u0bb0\u0bc7\u0b9a\u0bbf\u0bb2\u0bcd",
  "PH": "\u0baa\u0bbf\u0bb2\u0bbf\u0baa\u0bcd\u0baa\u0bc8\u0ba9\u0bcd\u0bb8\u0bcd",
  "FI": "\u0baa\u0bbf\u0ba9\u0bcd\u0bb2\u0bbe\u0ba8\u0bcd\u0ba4\u0bc1",
  "BF": "\u0baa\u0bc1\u0bb0\u0bcd\u0b95\u0bbf\u0ba9\u0bbe \u0b83\u0baa\u0bbe\u0bb8\u0bcb",
  "BI": "\u0baa\u0bc1\u0bb0\u0bc1\u0ba3\u0bcd\u0b9f\u0bbf",
  "BN": "\u0baa\u0bc1\u0bb0\u0bc1\u0ba9\u0bc7",
  "BT": "\u0baa\u0bc2\u0b9f\u0bbe\u0ba9\u0bcd",
  "BM": "\u0baa\u0bc6\u0bb0\u0bcd\u0bae\u0bc1\u0b9f\u0bbe",
  "PE": "\u0baa\u0bc6\u0bb0\u0bc1",
  "BE": "\u0baa\u0bc6\u0bb2\u0bcd\u0b9c\u0bbf\u0baf\u0bae\u0bcd",
  "BY": "\u0baa\u0bc6\u0bb2\u0bbe\u0bb0\u0bb8\u0bcd",
  "BZ": "\u0baa\u0bc6\u0bb2\u0bbf\u0bb8\u0bcd",
  "BJ": "\u0baa\u0bc6\u0ba9\u0bbf\u0ba9\u0bcd",
  "BO": "\u0baa\u0bca\u0bb2\u0bbf\u0bb5\u0bbf\u0baf\u0bbe",
  "BV": "\u0baa\u0bca\u0bb5\u0bc7\u0b9f\u0bcd \u0ba4\u0bc0\u0bb5\u0bc1",
  "BW": "\u0baa\u0bcb\u0b9f\u0bcd\u0bb8\u0bcd\u0bb5\u0bbe\u0ba9\u0bbe",
  "PT": "\u0baa\u0bcb\u0bb0\u0bcd\u0b9a\u0bcd\u0b9a\u0bc1\u0b95\u0bcd\u0b95\u0bb2\u0bcd",
  "PL": "\u0baa\u0bcb\u0bb2\u0ba8\u0bcd\u0ba4\u0bc1",
  "BA": "\u0baa\u0bcb\u0bb8\u0bcd\u0ba9\u0bbf\u0baf\u0bbe & \u0bb9\u0bc6\u0bb0\u0bcd\u0bb8\u0b95\u0bcb\u0bb5\u0bbf\u0ba9\u0bbe",
  "MO": "\u0bae\u0b95\u0bbe\u0bb5\u0bcd \u0b8e\u0bb8\u0bcd\u0b8f\u0b86\u0bb0\u0bcd \u0b9a\u0bc0\u0ba9\u0bbe",
  "MN": "\u0bae\u0b99\u0bcd\u0b95\u0bcb\u0bb2\u0bbf\u0baf\u0bbe",
  "MG": "\u0bae\u0b9f\u0b95\u0bbe\u0bb8\u0bcd\u0b95\u0bb0\u0bcd",
  "CF": "\u0bae\u0ba4\u0bcd\u0ba4\u0bbf\u0baf \u0b86\u0baa\u0bcd\u0bb0\u0bbf\u0b95\u0bcd\u0b95\u0b95\u0bcd \u0b95\u0bc1\u0b9f\u0bbf\u0baf\u0bb0\u0b9a\u0bc1",
  "YT": "\u0bae\u0baf\u0bcb\u0b9f\u0bcd",
  "MW": "\u0bae\u0bb2\u0bbe\u0bb5\u0bbf",
  "MY": "\u0bae\u0bb2\u0bc7\u0b9a\u0bbf\u0baf\u0bbe",
  "MS": "\u0bae\u0bbe\u0ba3\u0bcd\u0b9f\u0bcd\u0b9a\u0bc6\u0bb0\u0bbe\u0b9f\u0bcd",
  "MQ": "\u0bae\u0bbe\u0bb0\u0bcd\u0b9f\u0bbf\u0ba9\u0bbf\u0b95\u0bcd",
  "MH": "\u0bae\u0bbe\u0bb0\u0bcd\u0bb7\u0bb2\u0bcd \u0ba4\u0bc0\u0bb5\u0bc1\u0b95\u0bb3\u0bcd",
  "MT": "\u0bae\u0bbe\u0bb2\u0bcd\u0b9f\u0bbe",
  "MD": "\u0bae\u0bbe\u0bb2\u0bcd\u0b9f\u0bcb\u0bb5\u0bbe",
  "MV": "\u0bae\u0bbe\u0bb2\u0ba4\u0bcd\u0ba4\u0bc0\u0bb5\u0bc1",
  "ML": "\u0bae\u0bbe\u0bb2\u0bbf",
  "ME": "\u0bae\u0bbe\u0ba9\u0bcd\u0b9f\u0bc7\u0ba9\u0bc6\u0b95\u0bcd\u0bb0\u0bcb",
  "MM": "\u0bae\u0bbf\u0baf\u0bbe\u0ba9\u0bcd\u0bae\u0bbe\u0bb0\u0bcd (\u0baa\u0bb0\u0bcd\u0bae\u0bbe)",
  "MX": "\u0bae\u0bc6\u0b95\u0bcd\u0b9a\u0bbf\u0b95\u0bcb",
  "EH": "\u0bae\u0bc7\u0bb1\u0bcd\u0b95\u0bc1 \u0b9a\u0bb9\u0bbe\u0bb0\u0bbe",
  "FM": "\u0bae\u0bc8\u0b95\u0bcd\u0bb0\u0bcb\u0ba9\u0bc7\u0bb7\u0bbf\u0baf\u0bbe",
  "MZ": "\u0bae\u0bca\u0b9a\u0bbe\u0bae\u0bcd\u0baa\u0bbf\u0b95\u0bcd",
  "MA": "\u0bae\u0bca\u0bb0\u0bbe\u0b95\u0bcd\u0b95\u0bcb",
  "MU": "\u0bae\u0bca\u0bb0\u0bbf\u0b9a\u0bbf\u0baf\u0bb8\u0bcd",
  "MC": "\u0bae\u0bca\u0ba9\u0bbe\u0b95\u0bcd\u0b95\u0bcb",
  "MR": "\u0bae\u0bcc\u0bb0\u0bbf\u0b9f\u0bbe\u0ba9\u0bbf\u0baf\u0bbe",
  "GB": "\u0baf\u0bc1\u0ba9\u0bc8\u0b9f\u0bc6\u0b9f\u0bcd \u0b95\u0bbf\u0b99\u0bcd\u0b9f\u0bae\u0bcd",
  "VI": "\u0baf\u0bc2.\u0b8e\u0bb8\u0bcd. \u0b95\u0ba9\u0bcd\u0ba9\u0bbf\u0ba4\u0bcd \u0ba4\u0bc0\u0bb5\u0bc1\u0b95\u0bb3\u0bcd",
  "UM": "\u0baf\u0bc2.\u0b8e\u0bb8\u0bcd. \u0bb5\u0bc6\u0bb3\u0bbf\u0baa\u0bcd\u0baa\u0bc1\u0bb1\u0ba4\u0bcd \u0ba4\u0bc0\u0bb5\u0bc1\u0b95\u0bb3\u0bcd",
  "RU": "\u0bb0\u0bb7\u0bcd\u0baf\u0bbe",
  "RE": "\u0bb0\u0bc0\u0baf\u0bc2\u0ba9\u0bbf\u0baf\u0ba9\u0bcd",
  "RO": "\u0bb0\u0bc1\u0bae\u0bc7\u0ba9\u0bbf\u0baf\u0bbe",
  "RW": "\u0bb0\u0bc1\u0bb5\u0bbe\u0ba3\u0bcd\u0b9f\u0bbe",
  "LU": "\u0bb2\u0b95\u0bcd\u0bb8\u0bcd\u0b9a\u0bae\u0bcd\u0baa\u0bb0\u0bcd\u0b95\u0bcd",
  "LV": "\u0bb2\u0bbe\u0b9f\u0bcd\u0bb5\u0bbf\u0baf\u0bbe",
  "LA": "\u0bb2\u0bbe\u0bb5\u0bcb\u0bb8\u0bcd",
  "LI": "\u0bb2\u0bbf\u0b9a\u0bcd\u0b9a\u0bc6\u0ba3\u0bcd\u0bb8\u0bcd\u0b9f\u0bc6\u0baf\u0bcd\u0ba9\u0bcd",
  "LT": "\u0bb2\u0bbf\u0ba4\u0bc1\u0bb5\u0bc7\u0ba9\u0bbf\u0baf\u0bbe",
  "LY": "\u0bb2\u0bbf\u0baa\u0bbf\u0baf\u0bbe",
  "LS": "\u0bb2\u0bc6\u0b9a\u0bcb\u0ba4\u0bcb",
  "LB": "\u0bb2\u0bc6\u0baa\u0ba9\u0bbe\u0ba9\u0bcd",
  "LR": "\u0bb2\u0bc8\u0baa\u0bc0\u0bb0\u0bbf\u0baf\u0bbe",
  "KP": "\u0bb5\u0b9f \u0b95\u0bca\u0bb0\u0bbf\u0baf\u0bbe",
  "MP": "\u0bb5\u0b9f\u0b95\u0bcd\u0b95\u0bc1 \u0bae\u0bb0\u0bbf\u0baf\u0bbe\u0ba9\u0bbe \u0ba4\u0bc0\u0bb5\u0bc1\u0b95\u0bb3\u0bcd",
  "MK": "\u0bb5\u0b9f\u0b95\u0bcd\u0b95\u0bc1 \u0bae\u0bbe\u0b9a\u0bbf\u0b9f\u0bcb\u0ba9\u0bbf\u0baf\u0bbe",
  "VU": "\u0bb5\u0ba9\u0bc1\u0bb5\u0bbe\u0b9f\u0bcd\u0b9f\u0bc1",
  "VA": "\u0bb5\u0bbe\u0b9f\u0bbf\u0b95\u0ba9\u0bcd \u0ba8\u0b95\u0bb0\u0bae\u0bcd",
  "WF": "\u0bb5\u0bbe\u0bb2\u0bbf\u0bb8\u0bcd \u0bae\u0bb1\u0bcd\u0bb1\u0bc1\u0bae\u0bcd \u0b83\u0baa\u0bc1\u0b9f\u0bc1\u0ba9\u0bbe",
  "VN": "\u0bb5\u0bbf\u0baf\u0b9f\u0bcd\u0ba8\u0bbe\u0bae\u0bcd",
  "VE": "\u0bb5\u0bc6\u0ba9\u0bbf\u0b9a\u0bc1\u0bb2\u0bbe",
  "JP": "\u0b9c\u0baa\u0bcd\u0baa\u0bbe\u0ba9\u0bcd",
  "JM": "\u0b9c\u0bae\u0bc8\u0b95\u0bbe",
  "ZM": "\u0b9c\u0bbe\u0bae\u0bcd\u0baa\u0bbf\u0baf\u0bbe",
  "GE": "\u0b9c\u0bbe\u0bb0\u0bcd\u0b9c\u0bbf\u0baf\u0bbe",
  "GI": "\u0b9c\u0bbf\u0baa\u0bcd\u0bb0\u0bbe\u0bb2\u0bcd\u0b9f\u0bb0\u0bcd",
  "DJ": "\u0b9c\u0bbf\u0baa\u0bcc\u0b9f\u0bcd\u0b9f\u0bbf",
  "ZW": "\u0b9c\u0bbf\u0bae\u0bcd\u0baa\u0bbe\u0baa\u0bcd\u0bb5\u0bc7",
  "JE": "\u0b9c\u0bc6\u0bb0\u0bcd\u0b9a\u0bbf",
  "DE": "\u0b9c\u0bc6\u0bb0\u0bcd\u0bae\u0ba9\u0bbf",
  "JO": "\u0b9c\u0bcb\u0bb0\u0bcd\u0b9f\u0bbe\u0ba9\u0bcd",
  "ES": "\u0bb8\u0bcd\u0baa\u0bc6\u0baf\u0bbf\u0ba9\u0bcd",
  "SK": "\u0bb8\u0bcd\u0bb2\u0bcb\u0bb5\u0bbe\u0b95\u0bbf\u0baf\u0bbe",
  "SI": "\u0bb8\u0bcd\u0bb2\u0bcb\u0bb5\u0bc7\u0ba9\u0bbf\u0baf\u0bbe",
  "SJ": "\u0bb8\u0bcd\u0bb5\u0bb2\u0bcd\u0baa\u0bbe\u0bb0\u0bcd\u0b9f\u0bc1 & \u0b9c\u0bbe\u0ba9\u0bcd \u0bae\u0bc7\u0baf\u0ba9\u0bcd",
  "CH": "\u0bb8\u0bcd\u0bb5\u0bbf\u0b9f\u0bcd\u0b9a\u0bb0\u0bcd\u0bb2\u0bbe\u0ba8\u0bcd\u0ba4\u0bc1",
  "SE": "\u0bb8\u0bcd\u0bb5\u0bc0\u0b9f\u0ba9\u0bcd",
  "HU": "\u0bb9\u0b99\u0bcd\u0b95\u0bc7\u0bb0\u0bbf",
  "HK": "\u0bb9\u0bbe\u0b99\u0bcd\u0b95\u0bbe\u0b99\u0bcd \u0b8e\u0bb8\u0bcd\u0b8f\u0b86\u0bb0\u0bcd \u0b9a\u0bc0\u0ba9\u0bbe",
  "HM": "\u0bb9\u0bc7\u0bb0\u0bcd\u0b9f\u0bcd \u0bae\u0bb1\u0bcd\u0bb1\u0bc1\u0bae\u0bcd \u0bae\u0bc6\u0b95\u0bcd\u0b9f\u0bca\u0ba9\u0bbe\u0bb2\u0bcd\u0b9f\u0bc1 \u0ba4\u0bc0\u0bb5\u0bc1\u0b95\u0bb3\u0bcd",
  "HT": "\u0bb9\u0bc8\u0b9f\u0bcd\u0b9f\u0bbf",
  "HN": "\u0bb9\u0bcb\u0ba3\u0bcd\u0b9f\u0bc2\u0bb0\u0bbe\u0bb8\u0bcd"
}
